outer_loop_iter,epoch,total_loss
0,0,8.975924491882324
0,1,7.0550689697265625
0,2,5.440554141998291
0,3,4.123317718505859
0,4,3.078890085220337
0,5,2.2560653686523438
0,6,1.5952744483947754
0,7,1.0571284294128418
0,8,0.6365418434143066
0,9,0.3595525622367859
0,10,0.26508191227912903
0,11,0.2146833837032318
0,12,0.17413732409477234
0,13,0.16220159828662872
0,14,0.1557188481092453
0,15,0.12637783586978912
0,16,0.10580809414386749
0,17,0.09471431374549866
0,18,0.09170615673065186
0,19,0.08677692711353302
0,20,0.07614763081073761
0,21,0.06731487065553665
0,22,0.0615326464176178
0,23,0.05902453139424324
0,24,0.05685998126864433
0,25,0.05354622006416321
0,26,0.05001850798726082
0,27,0.04659265652298927
0,28,0.043585360050201416
0,29,0.04127655550837517
0,30,0.039816778153181076
0,31,0.03913622349500656
0,32,0.03893227502703667
0,33,0.03877195715904236
0,34,0.0382680669426918
0,35,0.0372319221496582
0,36,0.03571794554591179
0,37,0.03394806757569313
0,38,0.03217926621437073
0,39,0.030597981065511703
0,40,0.029287125915288925
0,41,0.028251400217413902
0,42,0.027455223724246025
0,43,0.026840269565582275
0,44,0.026323437690734863
0,45,0.025800300762057304
0,46,0.025171250104904175
0,47,0.02438296377658844
0,48,0.02345619723200798
0,49,0.02247653901576996
0,50,0.021549943834543228
0,51,0.020751239731907845
0,52,0.0200970359146595
0,53,0.01955465041100979
0,54,0.019072655588388443
0,55,0.018607495352625847
0,56,0.018132032826542854
0,57,0.017630917951464653
0,58,0.017097216099500656
0,59,0.016536543145775795
0,60,0.015971576794981956
0,61,0.015436179004609585
0,62,0.014958732761442661
0,63,0.014546102844178677
0,64,0.01418115384876728
0,65,0.013835239224135876
0,66,0.01348515972495079
0,67,0.01312228012830019
0,68,0.012750272639095783
0,69,0.012377502396702766
0,70,0.012012138031423092
0,71,0.011661728844046593
0,72,0.011333378963172436
0,73,0.011031031608581543
0,74,0.010751827619969845
0,75,0.010486068204045296
0,76,0.01022255327552557
0,77,0.009955148212611675
0,78,0.009685445576906204
0,79,0.009419537149369717
0,80,0.009163142181932926
0,81,0.008918835781514645
0,82,0.008686641231179237
0,83,0.008465496823191643
0,84,0.008253493346273899
0,85,0.008047560229897499
0,86,0.007844258099794388
0,87,0.007641693577170372
0,88,0.007440879475325346
0,89,0.007244783453643322
0,90,0.007056078407913446
0,91,0.006875439081341028
0,92,0.006701747886836529
0,93,0.006533431820571423
0,94,0.006369281560182571
0,95,0.006208487320691347
0,96,0.006050486117601395
0,97,0.005895256996154785
0,98,0.005743554327636957
0,99,0.0055965036153793335
0,100,0.005454740021377802
0,101,0.005317924544215202
0,102,0.0051850685849785805
0,103,0.005055337678641081
0,104,0.004928397014737129
0,105,0.00480429595336318
0,106,0.004683204926550388
0,107,0.004565311595797539
0,108,0.004450902808457613
0,109,0.004340154584497213
0,110,0.004232960287481546
0,111,0.004128895699977875
0,112,0.0040275040082633495
0,113,0.003928605932742357
0,114,0.003832288784906268
0,115,0.003738715313374996
0,116,0.003647958394140005
0,117,0.003560018027201295
0,118,0.0034748404286801815
0,119,0.003392318030819297
0,120,0.003312264336273074
0,121,0.003234483767300844
0,122,0.0031588918063789606
0,123,0.0030855389777570963
0,124,0.003014492802321911
0,125,0.0029457570053637028
0,126,0.00287925498560071
0,127,0.0028148996643722057
0,128,0.002752601634711027
0,129,0.0026922710239887238
0,130,0.0026338298339396715
0,131,0.0025772463995963335
0,132,0.0025225128047168255
0,133,0.0024696376640349627
0,134,0.002418576506897807
0,135,0.002369241090491414
0,136,0.0023215683177113533
0,137,0.0022754925303161144
0,138,0.0022309646010398865
0,139,0.002187953097745776
0,140,0.0021464205347001553
0,141,0.002106341300532222
0,142,0.0020676907151937485
0,143,0.002030409872531891
0,144,0.001994443591684103
0,145,0.0019597404170781374
0,146,0.0019262614659965038
0,147,0.0018939775181934237
0,148,0.0018628538819029927
0,149,0.001832855399698019
0,150,0.001803954248316586
0,151,0.0017761089839041233
0,152,0.0017492786282673478
0,153,0.001723419758491218
0,154,0.001698496169410646
0,155,0.001674487954005599
0,156,0.001651366357691586
0,157,0.0016290968051180243
0,158,0.0016076493775472045
0,159,0.0015869970666244626
0,160,0.0015671065775677562
0,161,0.0015479486901313066
0,162,0.0015294974436983466
0,163,0.0015117223374545574
0,164,0.0014946071896702051
0,165,0.00147812080103904
0,166,0.0014622417511418462
0,167,0.0014469502493739128
0,168,0.001432216726243496
0,169,0.0014180178986862302
0,170,0.0014043388655409217
0,171,0.001391149591654539
0,172,0.001378441578708589
0,173,0.0013661934062838554
0,174,0.001354382373392582
0,175,0.0013429931132122874
0,176,0.0013320043217390776
0,177,0.0013213993515819311
0,178,0.001311168191023171
0,179,0.0013012901181355119
0,180,0.001291751628741622
0,181,0.0012825399171561003
0,182,0.001273637404665351
0,183,0.0012650358257815242
0,184,0.0012567181838676333
0,185,0.0012486709747463465
0,186,0.0012408924521878362
0,187,0.0012333570048213005
0,188,0.0012260611401870847
0,189,0.0012189964763820171
0,190,0.0012121460167691112
0,191,0.001205505570396781
0,192,0.0011990648927167058
0,193,0.001192812924273312
0,194,0.0011867485009133816
0,195,0.0011808539275079966
0,196,0.0011751266429200768
0,197,0.0011695536086335778
0,198,0.0011641393648460507
0,199,0.001158867496997118
0,200,0.0011537333484739065
0,201,0.0011487299343571067
0,202,0.0011438545770943165
0,203,0.0011390990111976862
0,204,0.0011344593949615955
0,205,0.0011299311881884933
0,206,0.0011255124118179083
0,207,0.0011211885139346123
0,208,0.0011169614735990763
0,209,0.0011128296609967947
0,210,0.001108784694224596
0,211,0.0011048235464841127
0,212,0.0011009443551301956
0,213,0.001097139553166926
0,214,0.0010934105375781655
0,215,0.0010897500906139612
0,216,0.001086162170395255
0,217,0.001082637463696301
0,218,0.0010791753884404898
0,219,0.0010757725685834885
0,220,0.001072425628080964
0,221,0.0010691341012716293
0,222,0.0010658969404175878
0,223,0.0010627122828736901
0,224,0.0010595758212730289
0,225,0.001056479406543076
0,226,0.0010534333996474743
0,227,0.0010504325618967414
0,228,0.0010474750306457281
0,229,0.0010445525404065847
0,230,0.0010416667209938169
0,231,0.0010388264199718833
0,232,0.0010360153391957283
0,233,0.0010332390666007996
0,234,0.0010305020259693265
0,235,0.0010277919936925173
0,236,0.001025117700919509
0,237,0.0010224694851785898
0,238,0.001019852701574564
0,239,0.0010172637412324548
0,240,0.0010146992281079292
0,241,0.0010121677769348025
0,242,0.001009655650705099
0,243,0.0010071734432131052
0,244,0.001004713587462902
0,245,0.001002272590994835
0,246,0.000999861629679799
0,247,0.0009974678978323936
0,248,0.0009950995445251465
0,249,0.0009927533101290464
0,250,0.00099041941575706
0,251,0.0009881131118163466
0,252,0.0009858235716819763
0,253,0.0009835497476160526
0,254,0.0009812975767999887
0,255,0.0009790637996047735
0,256,0.0009768502786755562
0,257,0.000974645372480154
0,258,0.0009724599658511579
0,259,0.0009702923125587404
0,260,0.0009681395022198558
0,261,0.0009660028154030442
0,262,0.0009638856863602996
0,263,0.0009617729810997844
0,264,0.0009596862364560366
0,265,0.0009576071752235293
0,266,0.0009555441210977733
0,267,0.000953485956415534
0,268,0.0009514493285678327
0,269,0.0009494218975305557
0,270,0.0009474113467149436
0,271,0.000945409236010164
0,272,0.0009434259263798594
0,273,0.0009414429077878594
0,274,0.00093947967980057
0,275,0.0009375247173011303
0,276,0.0009355801739729941
0,277,0.0009336519869975746
0,278,0.000931731890887022
0,279,0.0009298223303630948
0,280,0.0009279199875891209
0,281,0.0009260301012545824
0,282,0.0009241486550308764
0,283,0.0009222779772244394
0,284,0.000920417660381645
0,285,0.0009185688686557114
0,286,0.0009167253156192601
0,287,0.0009148915996775031
0,288,0.0009130678372457623
0,289,0.0009112519910559058
0,290,0.000909441034309566
0,291,0.0009076462592929602
0,292,0.0009058568393811584
0,293,0.0009040719596669078
0,294,0.0009022964513860643
0,295,0.0009005345054902136
0,296,0.0008987731416709721
0,297,0.000897022255230695
0,298,0.0008952779462561011
0,299,0.0008935399237088859
0,300,0.0008918108069337904
0,301,0.0008900895481929183
0,302,0.0008883737027645111
0,303,0.0008866649586707354
0,304,0.0008849643636494875
0,305,0.0008832704043015838
0,306,0.0008815816254355013
0,307,0.000879900180734694
0,308,0.0008782234508544207
0,309,0.0008765574311837554
0,310,0.0008748919935896993
0,311,0.0008732365677133203
0,312,0.0008715837029740214
0,313,0.0008699392783455551
0,314,0.000868301372975111
0,315,0.0008666663197800517
0,316,0.0008650397649034858
0,317,0.0008634128607809544
0,318,0.0008617974817752838
0,319,0.0008601871086284518
0,320,0.0008585791219957173
0,321,0.0008569774217903614
0,322,0.0008553831139579415
0,323,0.0008537904359400272
0,324,0.0008522069547325373
0,325,0.0008506235317327082
0,326,0.0008490449981763959
0,327,0.0008474764181300998
0,328,0.0008459079544991255
0,329,0.0008443469414487481
0,330,0.000842791807372123
0,331,0.0008412360912188888
0,332,0.0008396870107389987
0,333,0.000838144333101809
0,334,0.0008366081165149808
0,335,0.0008350724820047617
0,336,0.0008335405727848411
0,337,0.0008320114575326443
0,338,0.0008304923539981246
0,339,0.0008289720863103867
0,340,0.0008274584542959929
0,341,0.0008259474998340011
0,342,0.0008244416676461697
0,343,0.0008229394443333149
0,344,0.0008214414119720459
0,345,0.0008199471049010754
0,346,0.0008184573380276561
0,347,0.000816970772575587
0,348,0.0008154860697686672
0,349,0.0008140070713125169
0,350,0.0008125323802232742
0,351,0.0008110591443255544
0,352,0.0008095883531495929
0,353,0.0008081239648163319
0,354,0.0008066622540354729
0,355,0.0008052054326981306
0,356,0.0008037518127821386
0,357,0.0008023008704185486
0,358,0.0008008513832464814
0,359,0.0007994072511792183
0,360,0.0007979641668498516
0,361,0.0007965289405547082
0,362,0.0007950915023684502
0,363,0.0007936630863696337
0,364,0.0007922332733869553
0,365,0.0007908107945695519
0,366,0.0007893872680142522
0,367,0.0007879702607169747
0,368,0.00078655342804268
0,369,0.0007851389236748219
0,370,0.000783731578849256
0,371,0.0007823255145922303
0,372,0.0007809222443029284
0,373,0.0007795231649652123
0,374,0.0007781233871355653
0,375,0.0007767317583784461
0,376,0.000775339431129396
0,377,0.0007739501306787133
0,378,0.0007725670002400875
0,379,0.0007711791549809277
0,380,0.000769801321439445
0,381,0.0007684238953515887
0,382,0.0007670519407838583
0,383,0.0007656773086637259
0,384,0.0007643077988177538
0,385,0.0007629423635080457
0,386,0.0007615803042426705
0,387,0.000760222552344203
0,388,0.0007588593289256096
0,389,0.0007575075142085552
0,390,0.0007561563979834318
0,391,0.0007548034191131592
0,392,0.000753454805817455
0,393,0.0007521118968725204
0,394,0.0007507732370868325
0,395,0.0007494301535189152
0,396,0.0007480952190235257
0,397,0.0007467599934898317
0,398,0.0007454304140992463
0,399,0.0007441029883921146
0,400,0.0007427745731547475
0,401,0.000741451745852828
0,402,0.0007401311304420233
0,403,0.0007388094672933221
0,404,0.0007374967681244016
0,405,0.0007361830212175846
0,406,0.0007348721846938133
0,407,0.0007335640257224441
0,408,0.0007322580204345286
0,409,0.0007309520151466131
0,410,0.0007296514231711626
0,411,0.0007283532759174705
0,412,0.0007270562346093357
0,413,0.0007257639663293958
0,414,0.0007244724547490478
0,415,0.0007231826893985271
0,416,0.0007218975806608796
0,417,0.0007206127047538757
0,418,0.0007193302153609693
0,419,0.0007180470274761319
0,420,0.0007167728617787361
0,421,0.0007155007915571332
0,422,0.000714227557182312
0,423,0.0007129578152671456
0,424,0.0007116879569366574
0,425,0.000710426305886358
0,426,0.0007091669831424952
0,427,0.0007079022470861673
0,428,0.0007066469406709075
0,429,0.0007053886074572802
0,430,0.000704132136888802
0,431,0.0007028861436992884
0,432,0.0007016358431428671
0,433,0.0007003897917456925
0,434,0.0006991447880864143
0,435,0.0006979032186791301
0,436,0.0006966665387153625
0,437,0.0006954256095923483
0,438,0.0006941923638805747
0,439,0.0006929616210982203
0,440,0.0006917307619005442
0,441,0.0006905021145939827
0,442,0.0006892772507853806
0,443,0.0006880545988678932
0,444,0.0006868335767649114
0,445,0.0006856161635369062
0,446,0.0006843963055871427
0,447,0.0006831841310486197
0,448,0.0006819702684879303
0,449,0.0006807621102780104
0,450,0.000679553602822125
0,451,0.0006783503922633827
0,452,0.0006771442713215947
0,453,0.0006759448442608118
0,454,0.0006747471634298563
0,455,0.0006735492497682571
0,456,0.0006723559345118701
0,457,0.0006711657624691725
0,458,0.0006699752993881702
0,459,0.0006687870481982827
0,460,0.0006676021148450673
0,461,0.0006664225365966558
0,462,0.0006652395240962505
0,463,0.0006640644278377295
0,464,0.0006628837436437607
0,465,0.0006617117905989289
0,466,0.0006605400703847408
0,467,0.0006593693979084492
0,468,0.0006582053611055017
0,469,0.0006570378318428993
0,470,0.0006558741442859173
0,471,0.000654716684948653
0,472,0.0006535567808896303
0,473,0.0006524017080664635
0,474,0.0006512469844892621
0,475,0.000650091446004808
0,476,0.0006489447550848126
0,477,0.0006477963179349899
0,478,0.0006466549821197987
0,479,0.0006455079419538379
0,480,0.0006443680031225085
0,481,0.0006432292284443974
0,482,0.0006420935387723148
0,483,0.0006409573834389448
0,484,0.000639825826510787
0,485,0.0006386961904354393
0,486,0.0006375677767209709
0,487,0.0006364411674439907
0,488,0.0006353204371407628
0,489,0.0006341965636238456
0,490,0.0006330806063488126
0,491,0.0006319613894447684
0,492,0.0006308454321697354
0,493,0.0006297337240539491
0,494,0.0006286235293373466
0,495,0.0006275123450905085
0,496,0.0006264098919928074
0,497,0.0006253039464354515
0,498,0.0006242045201361179
0,499,0.0006231016595847905
0,500,0.0006220081122592092
0,501,0.0006209093262441456
0,502,0.0006198180490173399
0,503,0.0006187248509377241
0,504,0.0006176357273943722
0,505,0.0006165524828247726
0,506,0.0006154646398499608
0,507,0.0006143836071714759
0,508,0.0006133049027994275
0,509,0.000612226314842701
0,510,0.0006111491820774972
0,511,0.0006100770551711321
0,512,0.0006090034730732441
0,513,0.0006079347804188728
0,514,0.0006068665534257889
0,515,0.000605800305493176
0,516,0.0006047365022823215
0,517,0.0006036758422851562
0,518,0.0006026134360581636
0,519,0.0006015636026859283
0,520,0.0006005042232573032
0,521,0.0005994527018629014
0,522,0.0005984030431136489
0,523,0.000597351579926908
0,524,0.0005963080329820514
0,525,0.0005952623905614018
0,526,0.0005942204734310508
0,527,0.0005931792547926307
0,528,0.0005921429255977273
0,529,0.0005911066546104848
0,530,0.0005900745745748281
0,531,0.0005890409229323268
0,532,0.0005880142562091351
0,533,0.000586983747780323
0,534,0.0005859591765329242
0,535,0.000584934838116169
0,536,0.0005839135847054422
0,537,0.0005828922148793936
0,538,0.0005818783538416028
0,539,0.0005808635032735765
0,540,0.0005798495840281248
0,541,0.0005788413109257817
0,542,0.0005778309423476458
0,543,0.0005768239498138428
0,544,0.0005758223123848438
0,545,0.000574817880988121
0,546,0.000573817640542984
0,547,0.0005728168180212379
0,548,0.0005718268221244216
0,549,0.0005708287935703993
0,550,0.0005698372842743993
0,551,0.0005688488599844277
0,552,0.0005678612506017089
0,553,0.0005668746889568865
0,554,0.0005658925510942936
0,555,0.0005649085505865514
0,556,0.0005639309529215097
0,557,0.000562950677704066
0,558,0.0005619750590994954
0,559,0.0005610049702227116
0,560,0.0005600310396403074
0,561,0.0005590606015175581
0,562,0.0005580930737778544
0,563,0.0005571299698203802
0,564,0.0005561639554798603
0,565,0.0005552052753046155
0,566,0.0005542438011616468
0,567,0.000553287158254534
0,568,0.0005523319123312831
0,569,0.0005513782380148768
0,570,0.000550427648704499
0,571,0.0005494789220392704
0,572,0.0005485336296260357
0,573,0.0005475886282511055
0,574,0.0005466448492370546
0,575,0.0005457043880596757
0,576,0.0005447653820738196
0,577,0.0005438267253339291
0,578,0.0005428909789770842
0,579,0.000541959423571825
0,580,0.0005410274607129395
0,581,0.0005400996888056397
0,582,0.0005391713930293918
0,583,0.0005382462404668331
0,584,0.0005373245803639293
0,585,0.0005364040262065828
0,586,0.0005354875465855002
0,587,0.0005345665267668664
0,588,0.0005336529575288296
0,589,0.0005327427643351257
0,590,0.0005318279727362096
0,591,0.0005309190601110458
0,592,0.0005300110206007957
0,593,0.0005291070556268096
0,594,0.0005282046040520072
0,595,0.0005273032002151012
0,596,0.0005264034261927009
0,597,0.0005255081341601908
0,598,0.0005246132495813072
0,599,0.0005237174918875098
0,600,0.0005228251684457064
0,601,0.0005219387239776552
0,602,0.0005210516974329948
0,603,0.000520165718626231
0,604,0.0005192820681259036
0,605,0.0005184002802707255
0,606,0.0005175221594981849
0,607,0.0005166438641026616
0,608,0.0005157626001164317
0,609,0.000514895364176482
0,610,0.0005140200955793262
0,611,0.0005131512880325317
0,612,0.0005122863221913576
0,613,0.000511416990775615
0,614,0.0005105540039949119
0,615,0.0005096915410831571
0,616,0.0005088309990242124
0,617,0.0005079745897091925
0,618,0.0005071171908639371
0,619,0.0005062620621174574
0,620,0.0005054089124314487
0,621,0.0005045569268986583
0,622,0.0005037130904383957
0,623,0.0005028618033975363
0,624,0.0005020180833525956
0,625,0.0005011737812310457
0,626,0.0005003318656235933
0,627,0.000499495305120945
0,628,0.0004986568819731474
0,629,0.0004978219512850046
0,630,0.0004969877772964537
0,631,0.0004961540689691901
0,632,0.0004953244351781905
0,633,0.0004944968968629837
0,634,0.0004936736659146845
0,635,0.0004928485723212361
0,636,0.0004920264473184943
0,637,0.0004912057192996144
0,638,0.0004903840599581599
0,639,0.0004895691527053714
0,640,0.000488753488752991
0,641,0.00048794024041853845
0,642,0.0004871311830356717
0,643,0.0004863228532485664
0,644,0.0004855133011005819
0,645,0.0004847077652812004
0,646,0.00048390449956059456
0,647,0.0004831018450204283
0,648,0.0004823025083169341
0,649,0.000481500755995512
0,650,0.00048070651246234775
0,651,0.0004799122689291835
0,652,0.0004791194514837116
0,653,0.00047832855489104986
0,654,0.0004775411798618734
0,655,0.0004767528735101223
0,656,0.000475966720841825
0,657,0.0004751840606331825
0,658,0.0004743974423035979
0,659,0.0004736177215818316
0,660,0.0004728386120405048
0,661,0.0004720638389699161
0,662,0.00047128662117756903
0,663,0.00047051679575815797
0,664,0.0004697454860433936
0,665,0.0004689738852903247
0,666,0.00046820880379527807
0,667,0.0004674415395129472
0,668,0.000466677185613662
0,669,0.0004659153346437961
0,670,0.00046515645226463675
0,671,0.0004643983265850693
0,672,0.00046364287845790386
0,673,0.00046288518933579326
0,674,0.00046213221503421664
0,675,0.00046138057950884104
0,676,0.000460629555163905
0,677,0.0004598823143169284
0,678,0.000459133880212903
0,679,0.00045839016092941165
0,680,0.0004576457431539893
0,681,0.0004569058364722878
0,682,0.0004561657551676035
0,683,0.0004554281185846776
0,684,0.0004546928685158491
0,685,0.00045395904453471303
0,686,0.0004532246966846287
0,687,0.0004524953255895525
0,688,0.0004517646157182753
0,689,0.00045103952288627625
0,690,0.0004503117816057056
0,691,0.00044958991929888725
0,692,0.0004488682607188821
0,693,0.00044814363354817033
0,694,0.0004474277957342565
0,695,0.0004467078542802483
0,696,0.0004459941410459578
0,697,0.0004452795838005841
0,698,0.00044456985779106617
0,699,0.00044385541696101427
0,700,0.0004431484849192202
0,701,0.00044244079617783427
0,702,0.0004417377058416605
0,703,0.00044103324762545526
0,704,0.00044033085578121245
0,705,0.0004396318690851331
0,706,0.00043893337715417147
0,707,0.0004382368642836809
0,708,0.0004375391872599721
0,709,0.0004368455265648663
0,710,0.00043615090544335544
0,711,0.00043546376400627196
0,712,0.0004347756621427834
0,713,0.0004340876475907862
0,714,0.0004334029508754611
0,715,0.00043271854519844055
0,716,0.00043203760287724435
0,717,0.0004313577082939446
0,718,0.0004306771152187139
0,719,0.00043000030564144254
0,720,0.00042932259384542704
0,721,0.0004286502371542156
0,722,0.0004279780841898173
0,723,0.0004273070371709764
0,724,0.000426640035584569
0,725,0.00042596959974616766
0,726,0.0004253048973623663
0,727,0.00042464223224669695
0,728,0.0004239760455675423
0,729,0.0004233124782331288
0,730,0.00042265583761036396
0,731,0.0004219989641569555
0,732,0.0004213431675452739
0,733,0.00042068585753440857
0,734,0.00042003492126241326
0,735,0.0004193842760287225
0,736,0.0004187328740954399
0,737,0.0004180838295724243
0,738,0.00041743693873286247
0,739,0.0004167907463852316
0,740,0.00041614793008193374
0,741,0.00041550633613951504
0,742,0.00041486474219709635
0,743,0.0004142252146266401
0,744,0.00041358720045536757
0,745,0.00041294764378108084
0,746,0.0004123175167478621
0,747,0.00041168482857756317
0,748,0.0004110519657842815
0,749,0.00041042198427021503
0,750,0.0004097943310625851
0,751,0.00040916941361501813
0,752,0.00040854280814528465
0,753,0.0004079170757904649
0,754,0.00040729696047492325
0,755,0.0004066763212904334
0,756,0.0004060522187501192
0,757,0.0004054366727359593
0,758,0.00040482019539922476
0,759,0.0004042095970362425
0,760,0.0004035943711642176
0,761,0.0004029800766147673
0,762,0.0004023717774543911
0,763,0.00040176420588977635
0,764,0.00040115549927577376
0,765,0.00040055005229078233
0,766,0.0003999471664428711
0,767,0.00039934428059495986
0,768,0.0003987447125837207
0,769,0.00039814235060475767
0,770,0.0003975440049543977
0,771,0.0003969468525610864
0,772,0.00039635220309719443
0,773,0.00039575828122906387
0,774,0.0003951670369133353
0,775,0.0003945721546187997
0,776,0.0003939814923796803
0,777,0.00039339513750746846
0,778,0.00039281032513827085
0,779,0.00039222510531544685
0,780,0.0003916422137990594
0,781,0.00039105687756091356
0,782,0.0003904762561433017
0,783,0.00038989895256236196
0,784,0.00038931952440179884
0,785,0.000388740241760388
0,786,0.0003881688171532005
0,787,0.0003875929396599531
0,788,0.0003870194195769727
0,789,0.0003864497411996126
0,790,0.0003858805575873703
0,791,0.00038531210157088935
0,792,0.00038474774919450283
0,793,0.00038417993346229196
0,794,0.00038361415499821305
0,795,0.00038305349880829453
0,796,0.0003824921150226146
0,797,0.0003819327102974057
0,798,0.0003813767689280212
0,799,0.0003808180335909128
0,800,0.00038026244146749377
0,801,0.0003797075478360057
0,802,0.00037915431312285364
0,803,0.0003786038141697645
0,804,0.000378051889128983
0,805,0.0003775051445700228
0,806,0.0003769552567973733
0,807,0.0003764108696486801
0,808,0.00037586543476209044
0,809,0.00037531880661845207
0,810,0.0003747824812307954
0,811,0.00037423690082505345
0,812,0.000373699062038213
0,813,0.0003731616889126599
0,814,0.0003726245486177504
0,815,0.00037208740832284093
0,816,0.00037155410973355174
0,817,0.0003710244200192392
0,818,0.00037049228558316827
0,819,0.0003699630906339735
0,820,0.0003694305778481066
0,821,0.00036890656338073313
0,822,0.00036837835796177387
0,823,0.00036785571137443185
0,824,0.00036733021261170506
0,825,0.00036680747871287167
0,826,0.0003662887611426413
0,827,0.0003657671040855348
0,828,0.0003652508312370628
0,829,0.0003647316189017147
0,830,0.00036421799450181425
0,831,0.00036370090674608946
0,832,0.00036319089122116566
0,833,0.0003626758698374033
0,834,0.00036216789158061147
0,835,0.0003616570611484349
0,836,0.00036114954855293036
0,837,0.00036064087180420756
0,838,0.0003601361531764269
0,839,0.0003596323658712208
0,840,0.00035913020838052034
0,841,0.00035862840013578534
0,842,0.00035812670830637217
0,843,0.00035762638435699046
0,844,0.00035713001852855086
0,845,0.00035663199378177524
0,846,0.00035613603540696204
0,847,0.0003556423762347549
0,848,0.0003551528207026422
0,849,0.000354656542185694
0,850,0.00035416713217273355
0,851,0.00035367708187550306
0,852,0.00035319107701070607
0,853,0.00035270274383947253
0,854,0.00035221659345552325
0,855,0.0003517354198265821
0,856,0.00035124679561704397
0,857,0.00035076745552942157
0,858,0.000350286194588989
0,859,0.00034980944474227726
0,860,0.00034932815469801426
0,861,0.00034884799970313907
0,862,0.00034837512066587806
0,863,0.0003479005245026201
0,864,0.0003474274999462068
0,865,0.0003469545627012849
0,866,0.0003464843612164259
0,867,0.00034601037623360753
0,868,0.00034554197918623686
0,869,0.0003450753283686936
0,870,0.0003446080081630498
0,871,0.00034414324909448624
0,872,0.0003436798870097846
0,873,0.00034321704879403114
0,874,0.0003427549381740391
0,875,0.00034229172160848975
0,876,0.0003418332780711353
0,877,0.00034137541661038995
0,878,0.000340917962603271
0,879,0.00034046126529574394
0,880,0.0003400076529942453
0,881,0.00033955147955566645
0,882,0.0003390986530575901
0,883,0.00033864795113913715
0,884,0.0003381985588930547
0,885,0.00033774744952097535
0,886,0.0003372986684553325
0,887,0.0003368494799360633
0,888,0.00033640878973528743
0,889,0.00033596158027648926
0,890,0.0003355153894517571
0,891,0.00033507560146972537
0,892,0.00033463159343227744
0,893,0.0003341927658766508
0,894,0.00033375259954482317
0,895,0.0003333170316182077
0,896,0.00033287593396380544
0,897,0.00033244164660573006
0,898,0.00033200590405613184
0,899,0.00033157094730995595
0,900,0.0003311422769911587
0,901,0.00033070764038711786
0,902,0.00033027410972863436
0,903,0.0003298486990388483
0,904,0.0003294189227744937
0,905,0.0003289903688710183
0,906,0.0003285624843556434
0,907,0.0003281409153714776
0,908,0.00032771535916253924
0,909,0.00032729204394854605
0,910,0.00032686820486560464
0,911,0.0003264478291384876
0,912,0.00032602972351014614
0,913,0.0003256071940995753
0,914,0.00032518975785933435
0,915,0.0003247765707783401
0,916,0.0003243577666580677
0,917,0.0003239423385821283
0,918,0.0003235296462662518
0,919,0.00032311584800481796
0,920,0.0003227044362574816
0,921,0.00032229325734078884
0,922,0.0003218847559764981
0,923,0.00032147453748621047
0,924,0.0003210694994777441
0,925,0.00032065881532616913
0,926,0.0003202542138751596
0,927,0.0003198518534190953
0,928,0.0003194492310285568
0,929,0.0003190427669323981
0,930,0.00031864235643297434
0,931,0.0003182420914527029
0,932,0.00031784013845026493
0,933,0.0003174440935254097
0,934,0.00031704665161669254
0,935,0.0003166493261232972
0,936,0.0003162534849252552
0,937,0.000315859098918736
0,938,0.0003154673322569579
0,939,0.000315072073135525
0,940,0.00031468147062696517
0,941,0.0003142911591567099
0,942,0.000313901953632012
0,943,0.00031351434881798923
0,944,0.00031312444480136037
0,945,0.00031273497734218836
0,946,0.0003123482456430793
0,947,0.0003119672182947397
0,948,0.00031158229103311896
0,949,0.00031119975028559566
0,950,0.00031081572524271905
0,951,0.00031043682247400284
0,952,0.00031005506752990186
0,953,0.0003096743021160364
0,954,0.00030929892091080546
0,955,0.0003089197271037847
0,956,0.00030854358919896185
0,957,0.0003081685572396964
0,958,0.00030779221560806036
0,959,0.0003074176493100822
0,960,0.00030704657547175884
0,961,0.00030667567625641823
0,962,0.0003063033218495548
0,963,0.0003059373120777309
0,964,0.00030556414276361465
0,965,0.000305196619592607
0,966,0.0003048298240173608
1,967,0.00013118816423229873
1,968,0.00013051106361672282
1,969,0.00013022501661907881
1,970,0.0001292620290769264
1,971,0.0001288186467718333
1,972,0.0001278049749089405
1,973,0.00012705961125902832
1,974,0.0001261871075257659
1,975,0.0001252170477528125
1,976,0.0001244257582584396
1,977,0.0001233481161762029
1,978,0.00012256902118679136
1,979,0.00012154938303865492
1,980,0.00012070059892721474
1,981,0.0001197817618958652
1,982,0.00011887872824445367
1,983,0.00011807400005636737
1,984,0.00011716646258719265
1,985,0.00011641152377706021
1,986,0.0001155612917500548
1,987,0.00011483416892588139
1,988,0.00011407698912080377
1,989,0.00011335640010656789
1,990,0.0001126848001149483
1,991,0.00011199624714208767
1,992,0.00011139261187054217
1,993,0.00011075135989813134
1,994,0.0001101865345844999
1,995,0.0001096093692467548
1,996,0.00010907274554483593
1,997,0.00010855479195015505
1,998,0.00010804152407217771
1,999,0.00010757076961454004
1,1000,0.00010708892659749836
1,1001,0.00010664815636118874
1,1002,0.00010619951353874058
1,1003,0.00010578038927633315
1,1004,0.00010536621266510338
1,1005,0.00010496385948499665
1,1006,0.00010457628377480432
1,1007,0.0001041875802911818
1,1008,0.00010382165783084929
1,1009,0.00010345355258323252
1,1010,0.00010309970093658194
1,1011,0.0001027459729812108
1,1012,0.00010240327537758276
1,1013,0.00010206581646343693
1,1014,0.0001017302056425251
1,1015,0.00010140350059373304
1,1016,0.00010107683192472905
1,1017,0.00010075772297568619
1,1018,0.00010043779184343293
1,1019,0.0001001238269964233
1,1020,9.981211769627407e-05
1,1021,9.950301318895072e-05
1,1022,9.919696458382532e-05
1,1023,9.889179636957124e-05
1,1024,9.8589931440074e-05
1,1025,9.828899055719376e-05
1,1026,9.799130202736706e-05
1,1027,9.769386815605685e-05
1,1028,9.739890083437786e-05
1,1029,9.710579615784809e-05
1,1030,9.681279334472492e-05
1,1031,9.652262815507129e-05
1,1032,9.623220830690116e-05
1,1033,9.594415314495564e-05
1,1034,9.565739310346544e-05
1,1035,9.537144069327042e-05
1,1036,9.508706716587767e-05
1,1037,9.480345761403441e-05
1,1038,9.452119411434978e-05
1,1039,9.423994197277352e-05
1,1040,9.395957749802619e-05
1,1041,9.368047176394612e-05
1,1042,9.340251563116908e-05
1,1043,9.312578913522884e-05
1,1044,9.285090345656499e-05
1,1045,9.257545752916485e-05
1,1046,9.230167779605836e-05
1,1047,9.202981891576201e-05
1,1048,9.175834566121921e-05
1,1049,9.148738899966702e-05
1,1050,9.121782204601914e-05
1,1051,9.094994311453775e-05
1,1052,9.068320650840178e-05
1,1053,9.041638259077445e-05
1,1054,9.015078830998391e-05
1,1055,8.988671470433474e-05
1,1056,8.96235869731754e-05
1,1057,8.936115045798942e-05
1,1058,8.909989992389455e-05
1,1059,8.884016278898343e-05
1,1060,8.858050568960607e-05
1,1061,8.832215826259926e-05
1,1062,8.806488767731935e-05
1,1063,8.780850475886837e-05
1,1064,8.755333692533895e-05
1,1065,8.729887485969812e-05
1,1066,8.704672654857859e-05
1,1067,8.679431630298495e-05
1,1068,8.654160774312913e-05
1,1069,8.629178046248853e-05
1,1070,8.604285540059209e-05
1,1071,8.579367568017915e-05
1,1072,8.554627129342407e-05
1,1073,8.529971091775224e-05
1,1074,8.505422010784969e-05
1,1075,8.48096315166913e-05
1,1076,8.456621435470879e-05
1,1077,8.432332833763212e-05
1,1078,8.40815482661128e-05
1,1079,8.384024113183841e-05
1,1080,8.35997489048168e-05
1,1081,8.336113387485966e-05
1,1082,8.312243153341115e-05
1,1083,8.28845368232578e-05
1,1084,8.264857751782984e-05
1,1085,8.241231262218207e-05
1,1086,8.217942377086729e-05
1,1087,8.194491238100454e-05
1,1088,8.171270019374788e-05
1,1089,8.147938206093386e-05
1,1090,8.12486105132848e-05
1,1091,8.101867570076138e-05
1,1092,8.078939572442323e-05
1,1093,8.056082151597366e-05
1,1094,8.033350604819134e-05
1,1095,8.010661258595064e-05
1,1096,7.988073048181832e-05
1,1097,7.965566328493878e-05
1,1098,7.943142554722726e-05
1,1099,7.920869393274188e-05
1,1100,7.898518379079178e-05
1,1101,7.876379822846502e-05
1,1102,7.854295836295933e-05
1,1103,7.832296978449449e-05
1,1104,7.810314855305478e-05
1,1105,7.788594666635618e-05
1,1106,7.766798080410808e-05
1,1107,7.745199400233105e-05
1,1108,7.723602175246924e-05
1,1109,7.702010043431073e-05
1,1110,7.680807902943343e-05
1,1111,7.659424591111019e-05
1,1112,7.638108945684507e-05
1,1113,7.616924267495051e-05
1,1114,7.595820352435112e-05
1,1115,7.57475063437596e-05
1,1116,7.553871546406299e-05
1,1117,7.532964809797704e-05
1,1118,7.512199226766825e-05
1,1119,7.491510041290894e-05
1,1120,7.470856508007273e-05
1,1121,7.450317207258195e-05
1,1122,7.429895049426705e-05
1,1123,7.409472891595215e-05
1,1124,7.389186066575348e-05
1,1125,7.368945080088452e-05
1,1126,7.34874774934724e-05
1,1127,7.328610809054226e-05
1,1128,7.30869360268116e-05
1,1129,7.288726192200556e-05
1,1130,7.268822082551196e-05
1,1131,7.249054760904983e-05
1,1132,7.229361654026434e-05
1,1133,7.209680188680068e-05
1,1134,7.190158066805452e-05
1,1135,7.170659955590963e-05
1,1136,7.151214958867058e-05
1,1137,7.131878373911604e-05
1,1138,7.112555613275617e-05
1,1139,7.093417661963031e-05
1,1140,7.074254244798794e-05
1,1141,7.055243622744456e-05
1,1142,7.036238093860447e-05
1,1143,7.017330062808469e-05
1,1144,6.99850934324786e-05
1,1145,6.979674071772024e-05
1,1146,6.961011240491644e-05
1,1147,6.942369509488344e-05
1,1148,6.923753244336694e-05
1,1149,6.90528322593309e-05
1,1150,6.886853952892125e-05
1,1151,6.868494529044256e-05
1,1152,6.850247154943645e-05
1,1153,6.83192556607537e-05
1,1154,6.813933578087017e-05
1,1155,6.795799708925188e-05
1,1156,6.777778617106378e-05
1,1157,6.75983537803404e-05
1,1158,6.741953257005662e-05
1,1159,6.724138074787334e-05
1,1160,6.706415297230706e-05
1,1161,6.688712892355397e-05
1,1162,6.671130540780723e-05
1,1163,6.653554737567902e-05
1,1164,6.636054604314268e-05
1,1165,6.618608313146979e-05
1,1166,6.601330824196339e-05
1,1167,6.583960930583999e-05
1,1168,6.566842057509348e-05
1,1169,6.549639510922134e-05
1,1170,6.532538100145757e-05
1,1171,6.515433051390573e-05
1,1172,6.498490256490186e-05
1,1173,6.481632590293884e-05
1,1174,6.464760372182354e-05
1,1175,6.447929627029225e-05
1,1176,6.431194196920842e-05
1,1177,6.414476229110733e-05
1,1178,6.397899414878339e-05
1,1179,6.381393905030563e-05
1,1180,6.36485347058624e-05
1,1181,6.34846874163486e-05
1,1182,6.332108750939369e-05
1,1183,6.315753853414208e-05
1,1184,6.299668893916532e-05
1,1185,6.283398397499695e-05
1,1186,6.267281423788518e-05
1,1187,6.251280137803406e-05
1,1188,6.235163164092228e-05
1,1189,6.21924627921544e-05
1,1190,6.203381053637713e-05
1,1191,6.187550025060773e-05
1,1192,6.171767745399848e-05
1,1193,6.15614335401915e-05
1,1194,6.140428740764037e-05
1,1195,6.124856736278161e-05
1,1196,6.10928691457957e-05
1,1197,6.0937592934351414e-05
1,1198,6.078347360016778e-05
1,1199,6.06294852332212e-05
1,1200,6.047767601558007e-05
1,1201,6.032496094121598e-05
1,1202,6.017283885739744e-05
1,1203,6.00214370933827e-05
1,1204,5.9870224504265934e-05
1,1205,5.972000872134231e-05
1,1206,5.957035318715498e-05
1,1207,5.942104326095432e-05
1,1208,5.927319580223411e-05
1,1209,5.912447886657901e-05
1,1210,5.897663504583761e-05
1,1211,5.882977711735293e-05
1,1212,5.868279913556762e-05
1,1213,5.853683251189068e-05
1,1214,5.839138611918315e-05
1,1215,5.82459761062637e-05
1,1216,5.810281800222583e-05
1,1217,5.7958182878792286e-05
1,1218,5.781479558208957e-05
1,1219,5.767169932369143e-05
1,1220,5.7529850892024115e-05
1,1221,5.738835170632228e-05
1,1222,5.724629954784177e-05
1,1223,5.710578625439666e-05
1,1224,5.696530934073962e-05
1,1225,5.682505798176862e-05
1,1226,5.6685330491745844e-05
1,1227,5.654662527376786e-05
1,1228,5.640931340167299e-05
1,1229,5.62699387955945e-05
1,1230,5.6133681937353685e-05
1,1231,5.59970285394229e-05
1,1232,5.5861048167571425e-05
1,1233,5.572536974796094e-05
1,1234,5.55888436792884e-05
1,1235,5.5454518587794155e-05
1,1236,5.532026625587605e-05
1,1237,5.518591933650896e-05
1,1238,5.505243098014034e-05
1,1239,5.4919197282288224e-05
1,1240,5.4786625696578994e-05
1,1241,5.465472349897027e-05
1,1242,5.452380719361827e-05
1,1243,5.439265805762261e-05
1,1244,5.4262309276964515e-05
1,1245,5.413189501268789e-05
1,1246,5.4002772230887786e-05
1,1247,5.3873354772804305e-05
1,1248,5.374459578888491e-05
1,1249,5.3615858632838354e-05
1,1250,5.348835838958621e-05
1,1251,5.336114190868102e-05
1,1252,5.323311052052304e-05
1,1253,5.310709457262419e-05
1,1254,5.298102769302204e-05
1,1255,5.285605584504083e-05
1,1256,5.273129863780923e-05
1,1257,5.260537000140175e-05
1,1258,5.248109300737269e-05
1,1259,5.2357838285388425e-05
1,1260,5.223412154009566e-05
1,1261,5.21112815476954e-05
1,1262,5.198820144869387e-05
1,1263,5.186628186493181e-05
1,1264,5.174435500521213e-05
1,1265,5.1622831961140037e-05
1,1266,5.1502345741027966e-05
1,1267,5.1382085075601935e-05
1,1268,5.1261788030387834e-05
1,1269,5.114241866976954e-05
1,1270,5.1023351261392236e-05
1,1271,5.0904905947390944e-05
1,1272,5.07861768710427e-05
1,1273,5.066847734269686e-05
1,1274,5.055080328020267e-05
1,1275,5.0434191507520154e-05
1,1276,5.03172013850417e-05
1,1277,5.020072785555385e-05
1,1278,5.00844580528792e-05
1,1279,4.996958887204528e-05
1,1280,4.985565101378597e-05
1,1281,4.973998147761449e-05
1,1282,4.9625694373389706e-05
1,1283,4.951218215865083e-05
1,1284,4.939847713103518e-05
1,1285,4.928526686853729e-05
1,1286,4.917332262266427e-05
1,1287,4.906089452560991e-05
1,1288,4.894813901046291e-05
1,1289,4.883723158854991e-05
1,1290,4.872536374023184e-05
1,1291,4.861469642492011e-05
1,1292,4.850461118621752e-05
1,1293,4.839494431507774e-05
1,1294,4.828412420465611e-05
1,1295,4.817495937459171e-05
1,1296,4.8067235184134915e-05
1,1297,4.795861241291277e-05
1,1298,4.7850240662228316e-05
1,1299,4.774221088155173e-05
1,1300,4.7634584916522726e-05
1,1301,4.7527646529488266e-05
1,1302,4.742134842672385e-05
1,1303,4.731510125566274e-05
1,1304,4.7209017793647945e-05
1,1305,4.710315988631919e-05
1,1306,4.699763303506188e-05
1,1307,4.689297202276066e-05
1,1308,4.678893674281426e-05
1,1309,4.668449764722027e-05
1,1310,4.658110992750153e-05
1,1311,4.6477442083414644e-05
1,1312,4.637429447029717e-05
1,1313,4.62709394923877e-05
1,1314,4.6168504923116416e-05
1,1315,4.606666334439069e-05
1,1316,4.596540748025291e-05
1,1317,4.586382783600129e-05
1,1318,4.576276114676148e-05
1,1319,4.5661879994440824e-05
1,1320,4.556163548841141e-05
1,1321,4.5462034904630855e-05
1,1322,4.536197957349941e-05
1,1323,4.5262717321747914e-05
1,1324,4.516342232818715e-05
1,1325,4.506486584432423e-05
1,1326,4.496681140153669e-05
1,1327,4.486828402150422e-05
1,1328,4.477081529330462e-05
1,1329,4.467274993658066e-05
1,1330,4.457594332052395e-05
1,1331,4.447906030691229e-05
1,1332,4.4382781197782606e-05
1,1333,4.4287375203566626e-05
1,1334,4.4191227061674e-05
1,1335,4.409498433233239e-05
1,1336,4.399991303216666e-05
1,1337,4.390503454487771e-05
1,1338,4.381070539238863e-05
1,1339,4.371652175905183e-05
1,1340,4.3622771045193076e-05
1,1341,4.352948963060044e-05
1,1342,4.343619730207138e-05
1,1343,4.334230470703915e-05
1,1344,4.3249616282992065e-05
1,1345,4.315705518820323e-05
1,1346,4.3065359932370484e-05
1,1347,4.297376290196553e-05
1,1348,4.288279160391539e-05
1,1349,4.279089625924826e-05
1,1350,4.27000668423716e-05
1,1351,4.2609441152308136e-05
1,1352,4.251914288033731e-05
1,1353,4.2428764572832733e-05
1,1354,4.2339535866631195e-05
1,1355,4.225016891723499e-05
1,1356,4.216082379571162e-05
1,1357,4.2072191718034446e-05
1,1358,4.198335955152288e-05
1,1359,4.189474566373974e-05
1,1360,4.180739779258147e-05
1,1361,4.1719475120771676e-05
1,1362,4.163206176599488e-05
1,1363,4.154442285653204e-05
1,1364,4.145759521634318e-05
1,1365,4.137159339734353e-05
1,1366,4.128500586375594e-05
1,1367,4.119921868550591e-05
1,1368,4.1113027691608295e-05
1,1369,4.102714592590928e-05
1,1370,4.0941755287349224e-05
1,1371,4.085737236891873e-05
1,1372,4.0772283682599664e-05
1,1373,4.0688995795790106e-05
1,1374,4.060479477629997e-05
1,1375,4.052116855746135e-05
1,1376,4.043733133585192e-05
1,1377,4.035405072499998e-05
1,1378,4.027030081488192e-05
1,1379,4.0187824197346345e-05
1,1380,4.010607153759338e-05
1,1381,4.002399873570539e-05
1,1382,3.9941973227541894e-05
1,1383,3.986036608694121e-05
1,1384,3.977887536166236e-05
1,1385,3.96973300667014e-05
1,1386,3.961583206546493e-05
1,1387,3.9535239920951426e-05
1,1388,3.945488788303919e-05
1,1389,3.937483415938914e-05
1,1390,3.929507511202246e-05
1,1391,3.921546885976568e-05
1,1392,3.913598266080953e-05
1,1393,3.90567620343063e-05
1,1394,3.897767965099774e-05
1,1395,3.889886647812091e-05
1,1396,3.882055534631945e-05
1,1397,3.8741807657061145e-05
1,1398,3.866396946250461e-05
1,1399,3.858594209305011e-05
1,1400,3.8508926081703976e-05
1,1401,3.8431546272477135e-05
1,1402,3.83539118047338e-05
1,1403,3.827751788776368e-05
1,1404,3.8200931157916784e-05
1,1405,3.812461000052281e-05
1,1406,3.804856169153936e-05
1,1407,3.797230601776391e-05
1,1408,3.789682159549557e-05
1,1409,3.782162457355298e-05
1,1410,3.774655851884745e-05
1,1411,3.767136513488367e-05
1,1412,3.7596808397211134e-05
1,1413,3.752278280444443e-05
1,1414,3.744865898624994e-05
1,1415,3.737457518582232e-05
1,1416,3.730067692231387e-05
1,1417,3.722750625456683e-05
1,1418,3.7154313758946955e-05
1,1419,3.708116491907276e-05
1,1420,3.70079796994105e-05
1,1421,3.69355475413613e-05
1,1422,3.686278432724066e-05
1,1423,3.6791028833249584e-05
1,1424,3.671926606330089e-05
1,1425,3.664728137664497e-05
1,1426,3.657551496871747e-05
1,1427,3.650400321930647e-05
1,1428,3.643296076916158e-05
1,1429,3.636250039562583e-05
1,1430,3.629177444963716e-05
1,1431,3.622112490120344e-05
1,1432,3.6150468076812103e-05
1,1433,3.608040060498752e-05
1,1434,3.601078424253501e-05
1,1435,3.594086228986271e-05
1,1436,3.587132232496515e-05
1,1437,3.5802764614345506e-05
1,1438,3.573365756892599e-05
1,1439,3.566511441022158e-05
1,1440,3.559672768460587e-05
1,1441,3.5528581065591425e-05
1,1442,3.546024890965782e-05
1,1443,3.5392269637668505e-05
1,1444,3.532453047228046e-05
1,1445,3.525648207869381e-05
1,1446,3.518928133416921e-05
1,1447,3.512236798997037e-05
1,1448,3.505537097225897e-05
1,1449,3.498876321827993e-05
1,1450,3.492165342322551e-05
1,1451,3.485596607788466e-05
1,1452,3.4789347409969196e-05
1,1453,3.472326716291718e-05
1,1454,3.465755071374588e-05
1,1455,3.4592569136293605e-05
1,1456,3.4526659874245524e-05
1,1457,3.446155824349262e-05
1,1458,3.4396289265714586e-05
1,1459,3.433151505305432e-05
1,1460,3.426697730901651e-05
1,1461,3.42025923600886e-05
1,1462,3.4138327464461327e-05
1,1463,3.407460462767631e-05
1,1464,3.4010237868642434e-05
1,1465,3.394674786250107e-05
1,1466,3.388313780305907e-05
1,1467,3.381929491297342e-05
1,1468,3.37566998496186e-05
1,1469,3.369352634763345e-05
1,1470,3.363075666129589e-05
1,1471,3.356809611432254e-05
1,1472,3.350565384607762e-05
1,1473,3.344364813528955e-05
1,1474,3.338210080983117e-05
1,1475,3.3320291549898684e-05
1,1476,3.325847501400858e-05
1,1477,3.319690949865617e-05
1,1478,3.3135780540760607e-05
1,1479,3.307445876998827e-05
1,1480,3.301316246506758e-05
1,1481,3.295234637334943e-05
1,1482,3.2892094168346375e-05
1,1483,3.283106707385741e-05
1,1484,3.277094947407022e-05
1,1485,3.271047899033874e-05
1,1486,3.2650721550453454e-05
1,1487,3.259107324993238e-05
1,1488,3.2531559554627165e-05
1,1489,3.247208951506764e-05
1,1490,3.24129214277491e-05
1,1491,3.2353469578083605e-05
1,1492,3.229473441024311e-05
1,1493,3.2236195693258196e-05
1,1494,3.2177365937968716e-05
1,1495,3.211886723875068e-05
1,1496,3.20608050969895e-05
1,1497,3.200220817234367e-05
1,1498,3.1944648071657866e-05
1,1499,3.1886844226391986e-05
1,1500,3.182927321176976e-05
1,1501,3.177196776960045e-05
1,1502,3.1714986107544973e-05
1,1503,3.165793532389216e-05
1,1504,3.160060805385001e-05
1,1505,3.154388832626864e-05
1,1506,3.1487055821344256e-05
1,1507,3.143077628919855e-05
1,1508,3.1374165700981393e-05
1,1509,3.131771518383175e-05
1,1510,3.1261683034244925e-05
1,1511,3.120599649264477e-05
1,1512,3.1150138966040686e-05
1,1513,3.109446697635576e-05
1,1514,3.103927519987337e-05
1,1515,3.098407250945456e-05
1,1516,3.0928997148294e-05
1,1517,3.087416916969232e-05
1,1518,3.0819039238849655e-05
1,1519,3.076477878494188e-05
1,1520,3.071020182687789e-05
1,1521,3.0655744922114536e-05
1,1522,3.06015535898041e-05
1,1523,3.0547555070370436e-05
1,1524,3.049358019779902e-05
1,1525,3.0439587135333568e-05
1,1526,3.0385983336600475e-05
1,1527,3.0332917958730832e-05
1,1528,3.0279403290478513e-05
1,1529,3.0226139642763883e-05
1,1530,3.017321250808891e-05
1,1531,3.0120269002509303e-05
1,1532,3.0067038096603937e-05
1,1533,3.001455479534343e-05
1,1534,2.996182593051344e-05
1,1535,2.9910066587035544e-05
1,1536,2.9857792469556443e-05
1,1537,2.9805431040585972e-05
1,1538,2.975381721626036e-05
1,1539,2.9701952371397056e-05
1,1540,2.9650120268343017e-05
1,1541,2.9598948458442464e-05
1,1542,2.9547558369813487e-05
1,1543,2.9496437491616234e-05
1,1544,2.9444809115375392e-05
1,1545,2.939422665804159e-05
1,1546,2.9343422284000553e-05
1,1547,2.929270704044029e-05
1,1548,2.9242359232739545e-05
1,1549,2.9191804060246795e-05
1,1550,2.914186188718304e-05
1,1551,2.909184513555374e-05
1,1552,2.904171560658142e-05
1,1553,2.8992091756663285e-05
1,1554,2.8942295102751814e-05
1,1555,2.889268762373831e-05
1,1556,2.884321474994067e-05
1,1557,2.879386374843307e-05
1,1558,2.874450547096785e-05
1,1559,2.8695762011921033e-05
1,1560,2.8646445571212098e-05
1,1561,2.8597542041097768e-05
1,1562,2.8549087801366113e-05
1,1563,2.850026976375375e-05
1,1564,2.8451984690036625e-05
1,1565,2.840374145307578e-05
1,1566,2.8355481845210306e-05
1,1567,2.830773519235663e-05
1,1568,2.8259630198590457e-05
1,1569,2.8211803510203026e-05
1,1570,2.8164173272671178e-05
1,1571,2.811655394907575e-05
1,1572,2.8069254767615348e-05
1,1573,2.8021935577271506e-05
1,1574,2.7974801923846826e-05
1,1575,2.7927617338718846e-05
1,1576,2.7880945708602667e-05
1,1577,2.7834174034069292e-05
1,1578,2.7787815270130523e-05
1,1579,2.774095810309518e-05
1,1580,2.7694384698406793e-05
1,1581,2.764818782452494e-05
1,1582,2.7602225600276142e-05
1,1583,2.7555646738619544e-05
1,1584,2.7509857318364084e-05
1,1585,2.7464146114652976e-05
1,1586,2.741847129072994e-05
1,1587,2.7372812837711535e-05
1,1588,2.732723078224808e-05
1,1589,2.728203617152758e-05
1,1590,2.723632860579528e-05
1,1591,2.7191379558644257e-05
1,1592,2.714627953537274e-05
1,1593,2.7101321393274702e-05
1,1594,2.705688530113548e-05
1,1595,2.7012087230104953e-05
1,1596,2.6967652956955135e-05
1,1597,2.692300950002391e-05
1,1598,2.6878822609432973e-05
1,1599,2.6834384698304348e-05
1,1600,2.6790061383508146e-05
1,1601,2.674618190212641e-05
1,1602,2.670270623639226e-05
1,1603,2.6658392016543075e-05
1,1604,2.6615223760018125e-05
1,1605,2.6571533453534357e-05
1,1606,2.652804323588498e-05
1,1607,2.648462941579055e-05
1,1608,2.6441270165378228e-05
1,1609,2.6398296540719457e-05
1,1610,2.6355421141488478e-05
1,1611,2.6312645786674693e-05
1,1612,2.6269493901054375e-05
1,1613,2.6227007765555754e-05
1,1614,2.618438702484127e-05
1,1615,2.6141764465137385e-05
1,1616,2.6099611204699613e-05
1,1617,2.6057155992020853e-05
1,1618,2.6015179173555225e-05
1,1619,2.597323873487767e-05
1,1620,2.5931263735401444e-05
1,1621,2.5889616154017858e-05
1,1622,2.5847499273368157e-05
1,1623,2.5806186386034824e-05
1,1624,2.5764393285498954e-05
1,1625,2.5722933060023934e-05
1,1626,2.5682074920041487e-05
1,1627,2.5640349122113548e-05
1,1628,2.5599554646760225e-05
1,1629,2.55584509432083e-05
1,1630,2.5517649191897362e-05
1,1631,2.5476630980847403e-05
1,1632,2.5436227588215843e-05
1,1633,2.5395185730303638e-05
1,1634,2.5354785975650884e-05
1,1635,2.531409336370416e-05
1,1636,2.5274024665122852e-05
1,1637,2.5233679480152205e-05
1,1638,2.5193845431203954e-05
1,1639,2.515358937671408e-05
1,1640,2.5114026357186958e-05
1,1641,2.5073932192754e-05
1,1642,2.503408722986933e-05
1,1643,2.4994691557367332e-05
1,1644,2.4955219487310387e-05
1,1645,2.491599843779113e-05
1,1646,2.4876690076780505e-05
1,1647,2.4836959710228257e-05
1,1648,2.4798262529657222e-05
1,1649,2.4758890504017472e-05
1,1650,2.4720113287912682e-05
1,1651,2.4681035938556306e-05
1,1652,2.4642458811285906e-05
1,1653,2.4603743440820836e-05
1,1654,2.4565360945416614e-05
1,1655,2.4527067580493167e-05
1,1656,2.4488483177265152e-05
1,1657,2.445000245643314e-05
1,1658,2.4411927370238118e-05
1,1659,2.437366492813453e-05
1,1660,2.433593908790499e-05
1,1661,2.4297760319313966e-05
1,1662,2.426023274892941e-05
1,1663,2.4222257707151584e-05
1,1664,2.4184768335544504e-05
1,1665,2.4146980649675243e-05
1,1666,2.410970591881778e-05
1,1667,2.4072063752100803e-05
1,1668,2.403481448709499e-05
1,1669,2.399795630481094e-05
1,1670,2.3960750695550814e-05
1,1671,2.3923950720927678e-05
1,1672,2.3886927010607906e-05
1,1673,2.3850125216995366e-05
